city,avg_delivery_days,avg_rating,orders
Bengaluru,4.580645161290323,4.372972972972973,775
Mumbai,4.6,4.359756097560975,935
Delhi,4.811475409836065,4.378066378066378,976
Hyderabad,4.9538690476190474,4.387840670859539,672
Chennai,5.100213219616204,4.274096385542169,469
Pune,5.152709359605911,4.324137931034483,406
Unknown,5.306666666666667,4.061224489795919,75
Kolkata,5.8158567774936065,4.271375464684015,391
Jaipur,6.01171875,4.2628571428571425,256
Lucknow,6.5606060606060606,4.108108108108108,264
Patna,7.083700440528634,4.006329113924051,227
