cohort,0,1,2,3,4,5,6
2023-01-01,100.0,19.767441860465116,12.790697674418606,11.627906976744185,3.488372093023256,6.976744186046512,5.813953488372093
2023-02-01,100.0,16.666666666666664,12.745098039215685,11.76470588235294,8.823529411764707,7.8431372549019605,5.88235294117647
2023-03-01,100.0,22.04724409448819,13.385826771653544,7.874015748031496,7.086614173228346,5.511811023622047,4.724409448818897
2023-04-01,100.0,15.384615384615385,18.461538461538463,9.230769230769232,10.76923076923077,8.461538461538462,10.76923076923077
2023-05-01,100.0,16.901408450704224,15.492957746478872,9.15492957746479,11.267605633802818,9.859154929577464,6.338028169014084
2023-06-01,100.0,17.355371900826448,11.570247933884298,11.570247933884298,19.00826446280992,14.049586776859504,10.743801652892563
2023-07-01,100.0,24.107142857142858,17.857142857142858,21.428571428571427,9.821428571428571,6.25,4.464285714285714
2023-08-01,100.0,17.985611510791365,18.705035971223023,13.66906474820144,12.949640287769784,10.071942446043165,3.597122302158273
2023-09-01,100.0,24.347826086956523,19.130434782608695,7.82608695652174,6.956521739130435,6.086956521739131,6.086956521739131
2023-10-01,100.0,16.40625,20.3125,11.71875,8.59375,7.03125,3.125
2023-11-01,100.0,23.18840579710145,13.768115942028986,7.971014492753622,5.072463768115942,6.521739130434782,5.072463768115942
2023-12-01,100.0,18.461538461538463,13.076923076923078,10.0,11.538461538461538,6.153846153846154,3.8461538461538463
2024-01-01,100.0,22.058823529411764,20.588235294117645,16.176470588235293,9.558823529411764,2.2058823529411766,5.88235294117647
2024-02-01,100.0,24.778761061946902,16.8141592920354,15.929203539823009,5.3097345132743365,7.079646017699115,7.079646017699115
2024-03-01,100.0,15.65217391304348,21.73913043478261,14.782608695652174,12.173913043478262,6.086956521739131,6.086956521739131
2024-04-01,100.0,19.672131147540984,16.39344262295082,10.655737704918032,9.836065573770492,7.377049180327869,9.01639344262295
2024-05-01,100.0,13.0,12.0,18.0,13.0,9.0,9.0
2024-06-01,100.0,23.52941176470588,14.705882352941178,12.5,10.294117647058822,8.823529411764707,6.61764705882353
2024-07-01,100.0,22.058823529411764,11.76470588235294,11.029411764705882,3.6764705882352944,7.352941176470589,0.0
2024-08-01,100.0,18.103448275862068,20.689655172413794,17.24137931034483,11.206896551724139,0.0,0.0
2024-09-01,100.0,22.900763358778626,20.610687022900763,13.740458015267176,0.0,0.0,0.0
2024-10-01,100.0,22.48062015503876,22.48062015503876,0.0,0.0,0.0,0.0
2024-11-01,100.0,30.0,0.0,0.0,0.0,0.0,0.0
2024-12-01,100.0,0.0,0.0,0.0,0.0,0.0,0.0
