month,revenue,profit,is_festive
2023-01-01,562822.5,115330.5,False
2023-02-01,1018173.0,198505.31,False
2023-03-01,1380772.0,241653.9,False
2023-04-01,1516139.5,253963.56999999998,False
2023-05-01,1656696.0,286977.47,False
2023-06-01,1416744.0,284324.12,False
2023-07-01,1231810.0,282305.32999999996,False
2023-08-01,1565377.5,328373.68,False
2023-09-01,1790825.5,321955.52999999997,False
2023-10-01,2158228.0,251238.87999999998,True
2023-11-01,2039695.0,263362.44,True
2023-12-01,1621602.5,368130.45,False
2024-01-01,1906364.0,366041.23,False
2024-02-01,1230647.0,291225.23,False
2024-03-01,1703386.0,333238.33999999997,False
2024-04-01,2087871.0,392042.44999999995,False
2024-05-01,1348160.0,277104.48,False
2024-06-01,1821902.5,362371.98,False
2024-07-01,2149691.0,402870.11,False
2024-08-01,1844041.0,350463.68999999994,False
2024-09-01,1969611.5,344575.13,False
2024-10-01,1489024.0,254923.74,True
2024-11-01,1889882.5,220340.90999999997,True
2024-12-01,1778689.5,334455.87,False
